{"val_loss": [246.42601470947267, 256.6481224060059, 260.9142105102539, 263.62833099365236, 265.8070663452148, 267.5889144897461, 269.2657272338867, 270.6843887329102, 271.96658477783205, 273.0955047607422, 274.02818603515624], "loss": [1.6024460469437762, 0.00868058180087246, 0.005116317269043066, 0.0035737657736754046, 0.0026867140306858347, 0.0021354066406493073, 0.0017818154123378917, 0.001535659160290379, 0.0013532251937431283, 0.0012125165542820468, 0.0011007322873920202]}