{
  "val_loss": [
    91.54940185546874,
    1.0037870784290135,
    0.9446539631579072,
    1.782865459471941,
    1.4202535749180243,
    1.6136725135147572,
    1.8932897869730367
  ],
  "loss": [
    47.76716374206543,
    6.031839896559715,
    0.7043239416331053,
    0.44218507313355804,
    0.31791902804002165,
    0.2569477822780609,
    0.2020200941860676
  ]
}