{"val_loss": [238.03636779785157, 49.207155418396, 52.1173433303833], "loss": [49.29932239151001, 47.79782522964477, 47.76062577819824]}