{"val_loss": [15.962391774882915, 2.607467354409855, 1.7298151145506655, 1.6565874891518182, 1.0403900587976576, 1.3062181481518629, 1.401230964516536], "loss": [43.28966007061005, 8.364391928231717, 1.896177201604843, 1.322098950511217, 1.3226692565321923, 1.221627121657133, 1.4206855223238468]}