{
  "val_loss": [
    2.2527540842692058,
    2.1131184101104736,
    1.4456379175186158,
    0.47995030879974365,
    0.14755886991818745,
    0.07393828456600507,
    0.0508267509440581,
    0.04093836434185505,
    0.03480636061479648,
    0.03103077777971824,
    0.027310253803928694,
    0.025138146554430325,
    0.025223394824812808,
    0.02415785895039638,
    0.021811464987695216,
    0.02047147157912453,
    0.01960481672237317,
    0.018071341173102457,
    0.018263190006837248,
    0.017844328082477053,
    0.01931049977429211,
    0.01640914725915839,
    0.0190703697114562,
    0.01679066710639745,
    0.017408287688158452,
    0.016099004105975232,
    0.017486449253434937,
    0.016086882880578437,
    0.015564231442598005,
    0.01527530512927721,
    0.017459338856860997,
    0.017606191926946242,
    0.01625594983343035,
    0.017037867777980865,
    0.016677925130352378,
    0.015695785311982034,
    0.01374439118274798,
    0.014102545528051754,
    0.016439832871158917,
    0.016077258228324353,
    0.013762641317831973,
    0.015302038091855744,
    0.014321889464432995,
    0.015034587611444295,
    0.015054068605725964,
    0.015026381270339092,
    0.014617831205638747
  ],
  "val_acc": [
    0.1380000005165736,
    0.22399999996026357,
    0.5180000007152558,
    0.931333323319753,
    0.9780000050862631,
    0.9900000095367432,
    0.9920000076293946,
    0.9926666736602783,
    0.9940000057220459,
    0.9946666717529297,
    0.9946666717529297,
    0.9960000038146972,
    0.9953333377838135,
    0.9960000038146972,
    0.9960000038146972,
    0.9960000038146972,
    0.996666669845581,
    0.996666669845581,
    0.996666669845581,
    0.9960000038146972,
    0.9953333377838135,
    0.9960000038146972,
    0.9960000038146972,
    0.996666669845581,
    0.996666669845581,
    0.9973333358764649,
    0.9953333377838135,
    0.996666669845581,
    0.996666669845581,
    0.996666669845581,
    0.996666669845581,
    0.996666669845581,
    0.996666669845581,
    0.9953333377838135,
    0.9953333377838135,
    0.9973333358764649,
    0.9960000038146972,
    0.9973333358764649,
    0.996666669845581,
    0.9960000038146972,
    0.9960000038146972,
    0.9973333358764649,
    0.9960000038146972,
    0.9980000019073486,
    0.9953333377838135,
    0.9973333358764649,
    0.996666669845581
  ],
  "loss": [
    2.283283452192942,
    2.217060218254725,
    1.91461680829525,
    1.128492755194505,
    0.46865958720445633,
    0.24391569135089716,
    0.16639380467434725,
    0.1472243359312415,
    0.12983042063812414,
    0.12077730350817244,
    0.10652980674058199,
    0.09646482408667605,
    0.09027233681020637,
    0.08753668330609798,
    0.08516122594786187,
    0.08289557726432879,
    0.07192031744246681,
    0.07048602557430665,
    0.06617349021447201,
    0.07134155005527039,
    0.0652920613065362,
    0.06535206999008854,
    0.06297341652680188,
    0.05982808559201658,
    0.059831867615381874,
    0.057113450563823186,
    0.061403996388738356,
    0.0581405950554957,
    0.05908326129429042,
    0.052510566815423466,
    0.054239810832465686,
    0.05544056588162979,
    0.051515189154694475,
    0.056494533782824874,
    0.05001857100675503,
    0.04866313666570932,
    0.04783094111674776,
    0.05217152127685646,
    0.049090620246715844,
    0.04879966172544906,
    0.04125219668882588,
    0.048110596020706,
    0.044340065020757415,
    0.042221445900698505,
    0.04555551261485865,
    0.04229720530565828,
    0.04265205988970896
  ],
  "acc": [
    0.1464583339790503,
    0.21500000171363354,
    0.37437499935428303,
    0.6547916668156782,
    0.8722916692495346,
    0.9408333326379458,
    0.9614583303531011,
    0.967916672428449,
    0.9756250108281771,
    0.9754166801770529,
    0.9797916784882545,
    0.9818750123182932,
    0.9839583486318588,
    0.9841666792829832,
    0.985000009338061,
    0.983958346148332,
    0.986458346247673,
    0.9868750125169754,
    0.9908333420753479,
    0.9883333444595337,
    0.9887500107288361,
    0.9910416752099991,
    0.9906250089406967,
    0.9893750101327896,
    0.9912500083446503,
    0.9893750101327896,
    0.9887500082453092,
    0.9895833432674408,
    0.9914583414793015,
    0.9925000046690305,
    0.9922916740179062,
    0.9906250089406967,
    0.9929166734218597,
    0.992083340883255,
    0.9925000071525574,
    0.992083340883255,
    0.9925000071525574,
    0.9912500083446503,
    0.9925000071525574,
    0.9912500083446503,
    0.992083340883255,
    0.9933333396911621,
    0.9933333396911621,
    0.9925000071525574,
    0.9918750077486038,
    0.9941666722297668,
    0.9945833384990692
  ]
}