{
  "val_loss": [
    2.261961587270101,
    2.1680033365885416,
    1.6940344015757243,
    0.8359506964683533,
    0.25314862430095675,
    0.10681109279394149,
    0.061439649760723115,
    0.04435207856198152,
    0.03973613058527311,
    0.033371215251584846,
    0.031712500068048634,
    0.026584626641124487,
    0.026299819660683472,
    0.02472831221918265,
    0.02360221374159058,
    0.023248187731951475,
    0.024848040814201038,
    0.02000887910835445,
    0.021325175696983934,
    0.02072560121305287,
    0.022586628034090003,
    0.020844655701269706,
    0.019759698926160734,
    0.018998533844326933,
    0.022423346697663268,
    0.021002959040924907,
    0.01739079845137894,
    0.018628009253491958,
    0.01816774212444822,
    0.018044013545537987,
    0.017898233685021598,
    0.017651917746601006,
    0.0182318813012292,
    0.018122333629677693,
    0.01754328884805242,
    0.016069521413495144,
    0.01774642177236577,
    0.017399675895770392,
    0.01673132403132816,
    0.017248293563413123,
    0.01678980654105544,
    0.01478875531659772,
    0.0170505345488588,
    0.015078411270709087,
    0.01448433823728313,
    0.01579466664309924,
    0.015626790083479135,
    0.015602761134505271,
    0.016718306846451016,
    0.016406049521174283,
    0.01642737555472801,
    0.016384564398322254,
    0.015811878357393047,
    0.016444480116479098,
    0.016163261886686087
  ],
  "val_acc": [
    0.1380000005165736,
    0.19199999968210857,
    0.4446666598320007,
    0.8753333330154419,
    0.978000009059906,
    0.9846666773160299,
    0.9900000055631002,
    0.9913333415985107,
    0.9933333396911621,
    0.9946666717529297,
    0.9960000038146972,
    0.9960000038146972,
    0.9953333377838135,
    0.9960000038146972,
    0.9946666717529297,
    0.9953333377838135,
    0.9953333377838135,
    0.9960000038146972,
    0.9960000038146972,
    0.9953333377838135,
    0.9953333377838135,
    0.9953333377838135,
    0.996666669845581,
    0.996666669845581,
    0.9953333377838135,
    0.9953333377838135,
    0.9973333358764649,
    0.9960000038146972,
    0.996666669845581,
    0.996666669845581,
    0.9960000038146972,
    0.9960000038146972,
    0.9960000038146972,
    0.996666669845581,
    0.996666669845581,
    0.996666669845581,
    0.996666669845581,
    0.996666669845581,
    0.996666669845581,
    0.996666669845581,
    0.996666669845581,
    0.9973333358764649,
    0.9960000038146972,
    0.9973333358764649,
    0.9980000019073486,
    0.996666669845581,
    0.9960000038146972,
    0.996666669845581,
    0.996666669845581,
    0.996666669845581,
    0.996666669845581,
    0.9973333358764649,
    0.9973333358764649,
    0.996666669845581,
    0.9973333358764649
  ],
  "loss": [
    2.295416901508967,
    2.237990846236547,
    2.0322146167357764,
    1.431036574145158,
    0.72168805077672,
    0.34317697025835514,
    0.2132253392289082,
    0.16418235562741756,
    0.15154303144663572,
    0.13816267158836126,
    0.13102171989157796,
    0.10526600666344166,
    0.10369465981299679,
    0.09334169902528326,
    0.09323647075022261,
    0.08521886371696989,
    0.0833691362446795,
    0.08095618220977485,
    0.07610442404014368,
    0.07293858317037423,
    0.07534874859265983,
    0.07656222861260176,
    0.067342066206038,
    0.06290852084445457,
    0.06812625455980499,
    0.07251327663349609,
    0.06446806597523391,
    0.060150236977885164,
    0.0578474022137622,
    0.05883371317759156,
    0.061671622446738183,
    0.0627369264451166,
    0.057403324909197785,
    0.05729572913454225,
    0.05187232466414571,
    0.06051840912550688,
    0.05375526752322912,
    0.05735038127750158,
    0.05647514679003507,
    0.04974462060878674,
    0.04677517634506027,
    0.04858987336046994,
    0.05537376960273832,
    0.05137036379892379,
    0.05253879718172053,
    0.04810471762903035,
    0.04804131400305778,
    0.052217766002286226,
    0.04725320928264409,
    0.04538113949820399,
    0.046915961507086955,
    0.04786495588875065,
    0.0461352599474291,
    0.04607957481251409,
    0.044889205950312316
  ],
  "acc": [
    0.14479166672875485,
    0.19875000106791654,
    0.31270833251376945,
    0.5393749984602133,
    0.7941666692495346,
    0.9143749997019768,
    0.9493749936421713,
    0.9650000010927519,
    0.9677083318432173,
    0.9704166725277901,
    0.9756250108281771,
    0.9804166828592619,
    0.9804166853427887,
    0.9833333442608515,
    0.9835416773955027,
    0.9852083449562391,
    0.9818750123182932,
    0.9850000118215879,
    0.987500011920929,
    0.986458346247673,
    0.986458346247673,
    0.9862500131130219,
    0.9872916787862778,
    0.9900000095367432,
    0.9891666745146116,
    0.9883333444595337,
    0.9902083401878675,
    0.989791676402092,
    0.9902083426713943,
    0.9900000095367432,
    0.9900000095367432,
    0.9910416752099991,
    0.9912500083446503,
    0.9904166758060455,
    0.9906250089406967,
    0.9910416752099991,
    0.9904166758060455,
    0.9910416752099991,
    0.9916666746139526,
    0.9916666746139526,
    0.9935416728258133,
    0.9929166734218597,
    0.9925000071525574,
    0.9912500083446503,
    0.9922916740179062,
    0.9931250065565109,
    0.9927083402872086,
    0.9931250065565109,
    0.9937500059604645,
    0.9927083402872086,
    0.9922916740179062,
    0.9933333396911621,
    0.9929166734218597,
    0.9937500059604645,
    0.9922916740179062
  ]
}