{
  "val_loss": [
    2.2603793263435366,
    1.8932054340839386,
    0.6647010624408722,
    0.11000269670039416,
    0.05202451488003135,
    0.03618112897966057,
    0.030349304364062846,
    0.02397932766471058,
    0.02370338517939672,
    0.024582214129623026,
    0.017884368333034216,
    0.019614477030700073,
    0.017803291539894416,
    0.018173765833489598,
    0.017991694709053263,
    0.016039036842994393,
    0.016459497358300722,
    0.01724633142584935,
    0.018355449609225617,
    0.016678503141156396,
    0.014597182790748776,
    0.015793267828121314,
    0.012184046051697806,
    0.015638635150389747,
    0.014606715977424755,
    0.014576193058746866,
    0.014892164416960441,
    0.011841430465574376,
    0.012336980534018948,
    0.015301389660453423,
    0.01132253702962771,
    0.013257695466745646,
    0.012946220264711882,
    0.011764999272418208,
    0.011414462156244554,
    0.010730675850936677,
    0.013325772795360536,
    0.011710529129049973,
    0.01223828603833681,
    0.015574985143757658,
    0.012292093197174836,
    0.010342107329779537,
    0.009787330105609726,
    0.012112332877586595,
    0.009795179060165537,
    0.010247139598504873,
    0.008708841575571568,
    0.013002555330240284,
    0.01307849787226587,
    0.009904489566542907,
    0.011915238462097476,
    0.011689377983566373,
    0.01321169726215885,
    0.008471332468980108,
    0.014248691143438918,
    0.012178398458854645,
    0.014232419487962033,
    0.011093707749751047,
    0.01088941702801094,
    0.011185469990232377,
    0.011631386146837031,
    0.011445319726044545,
    0.012336431728544994,
    0.011428705322032329
  ],
  "val_acc": [
    0.28049999922513963,
    0.6859999984502793,
    0.9129999965429306,
    0.9860000073909759,
    0.9895000100135803,
    0.9920000076293946,
    0.9930000066757202,
    0.9955000042915344,
    0.9950000047683716,
    0.9955000042915344,
    0.9965000033378602,
    0.9950000047683716,
    0.9955000042915344,
    0.9965000033378602,
    0.9960000038146972,
    0.9960000038146972,
    0.9960000038146972,
    0.9960000038146972,
    0.9960000038146972,
    0.9955000042915344,
    0.9965000033378602,
    0.9960000038146972,
    0.9960000038146972,
    0.9965000033378602,
    0.9965000033378602,
    0.9965000033378602,
    0.9960000038146972,
    0.9965000033378602,
    0.9965000033378602,
    0.9965000033378602,
    0.9965000033378602,
    0.9965000033378602,
    0.9965000033378602,
    0.9960000038146972,
    0.997000002861023,
    0.997000002861023,
    0.9965000033378602,
    0.9965000033378602,
    0.997000002861023,
    0.9960000038146972,
    0.9965000033378602,
    0.9965000033378602,
    0.997000002861023,
    0.997000002861023,
    0.9975000023841858,
    0.9975000023841858,
    0.9985000014305114,
    0.9965000033378602,
    0.9965000033378602,
    0.997000002861023,
    0.9965000033378602,
    0.997000002861023,
    0.9960000038146972,
    0.9985000014305114,
    0.9965000033378602,
    0.997000002861023,
    0.9960000038146972,
    0.9975000023841858,
    0.9975000023841858,
    0.9965000033378602,
    0.997000002861023,
    0.9975000023841858,
    0.9965000033378602,
    0.9975000023841858
  ],
  "loss": [
    2.2928207397460936,
    2.1818734288215635,
    1.5166743636131286,
    0.5256321887175243,
    0.19601083000500996,
    0.12154111936688423,
    0.09795272164046764,
    0.08623884562402964,
    0.07565906830132008,
    0.05806639827787876,
    0.05907698962837458,
    0.048833383495608965,
    0.05355166171987851,
    0.048668484389781955,
    0.05056928427269061,
    0.04163758323217432,
    0.03705967875818412,
    0.03528615109001597,
    0.03612234074001511,
    0.03265519409130017,
    0.02946863123215735,
    0.03183207791298628,
    0.029386601286629836,
    0.03173024673014879,
    0.02594761671498418,
    0.02908358952651421,
    0.023601366548488538,
    0.026488212620218596,
    0.021617286233231427,
    0.021196663410713277,
    0.022652596530194084,
    0.021033061621710657,
    0.02254774570465088,
    0.022224074912567934,
    0.020510357230280836,
    0.01965686931895713,
    0.019484770530834795,
    0.016185126267373562,
    0.01597315463392685,
    0.0161675575034072,
    0.016049622224333385,
    0.017914148854712646,
    0.014484614017419517,
    0.015383950310448806,
    0.014891535687881211,
    0.011191791125262777,
    0.014960863906890155,
    0.013638363592326641,
    0.013472512185884019,
    0.014217191732799013,
    0.014544800738804042,
    0.01370345155398051,
    0.010860175352233152,
    0.013675693042265872,
    0.011995654886898894,
    0.013219884868400792,
    0.011538297457930943,
    0.009781474495927494,
    0.01323884418234229,
    0.011388276936486363,
    0.010523040872067213,
    0.01039127791300416,
    0.00990588297524179,
    0.010144566872622818
  ],
  "acc": [
    0.13333333283662796,
    0.2721666653951009,
    0.5266666650772095,
    0.8603333334128062,
    0.9526666641235352,
    0.9730000038941701,
    0.9773333410422007,
    0.9803333461284638,
    0.982833343744278,
    0.9886666774749756,
    0.987166678905487,
    0.9900000095367432,
    0.9888333439826965,
    0.9888333439826965,
    0.9896666765213012,
    0.9910000085830688,
    0.9913333415985107,
    0.9931666731834412,
    0.9918333411216735,
    0.9928333401679993,
    0.9928333401679993,
    0.9910000085830688,
    0.9925000071525574,
    0.993500006198883,
    0.9943333387374877,
    0.9928333401679993,
    0.9941666722297668,
    0.9951666712760925,
    0.9948333382606507,
    0.9941666722297668,
    0.9938333392143249,
    0.9948333382606507,
    0.9946666717529297,
    0.9945000052452088,
    0.9953333377838135,
    0.9950000047683716,
    0.9948333382606507,
    0.9971666693687439,
    0.9955000042915344,
    0.9955000042915344,
    0.9955000042915344,
    0.9961666703224182,
    0.9965000033378602,
    0.996666669845581,
    0.996666669845581,
    0.9976666688919067,
    0.9965000033378602,
    0.9971666693687439,
    0.9961666703224182,
    0.996833336353302,
    0.9976666688919067,
    0.9963333368301391,
    0.9985000014305114,
    0.996666669845581,
    0.9973333358764649,
    0.9971666693687439,
    0.9973333358764649,
    0.9978333353996277,
    0.997000002861023,
    0.9973333358764649,
    0.9980000019073486,
    0.9978333353996277,
    0.9975000023841858,
    0.9971666693687439
  ]
}